Judul Berita,Link Berita,Link Gambar
VIDEO: Waspada Modus Baru Penipuan Online,https://www.cnnindonesia.com/tv/20221208234440-404-884961/video-waspada-modus-baru-penipuan-online,https://akcdn.detik.net.id/visual/2022/12/08/prime-news-2_169.jpeg?w=280&q=90
Studi Buktikan Kepemilikan Anjing Bisa Turunkan Tingkat Kejahatan,https://www.cnnindonesia.com/teknologi/20220711150840-199-820021/studi-buktikan-kepemilikan-anjing-bisa-turunkan-tingkat-kejahatan,https://akcdn.detik.net.id/visual/2022/01/18/anjing-bulldog-prancis-jadi-incaran-pencuri-di-as_169.jpeg?w=280&q=90
VIDEO: Pasutri Terlibat Kejahatan,https://www.cnnindonesia.com/tv/20220419172407-407-786770/video-pasutri-terlibat-kejahatan,https://akcdn.detik.net.id/visual/2022/04/19/suami-istri-terlibat-kejahatan_169.jpeg?w=280&q=90
VIDEO: Mengapa Ada Pemuka Agama yang Melakukan Kejahatan Seksual?,https://www.cnnindonesia.com/gaya-hidup/20220401153903-288-779051/video-mengapa-ada-pemuka-agama-yang-melakukan-kejahatan-seksual,https://akcdn.detik.net.id/visual/2022/04/05/thumbnail-video-7_169.jpeg?w=280&q=90
VIDEO: Karyawati Tewas Dibacok Pemotor,https://www.cnnindonesia.com/tv/20220322160010-405-774743/video-karyawati-tewas-dibacok-pemotor,https://akcdn.detik.net.id/visual/2022/03/22/karyawati-tewas-dibacok-pemotor_169.jpeg?w=280&q=90
"Marak Gangster, Kapolda Metro Bakal Datangi Lokasi Rawan Kejahatan",https://www.cnnindonesia.com/nasional/20220308141357-12-768274/marak-gangster-kapolda-metro-bakal-datangi-lokasi-rawan-kejahatan,https://akcdn.detik.net.id/visual/2021/11/30/pelatihan-patroli-perintis-presisi-polda-metro-jaya-1_169.jpeg?w=280&q=90
VIDEO: Aksi Kejahatan Terekam CCTV,https://www.cnnindonesia.com/tv/20220228103837-400-764888/video-aksi-kejahatan-terekam-cctv,https://akcdn.detik.net.id/visual/2022/02/28/kejahatan-terekam-cctv_169.jpeg?w=280&q=90
3 Cara Terhindar dari Kejahatan Modus Hipnotis,https://www.cnnindonesia.com/gaya-hidup/20220105115347-277-742795/3-cara-terhindar-dari-kejahatan-modus-hipnotis,https://akcdn.detik.net.id/visual/2015/11/12/d72319b6-2a5b-4c66-b729-13ecae6e2cad_169.jpg?w=280&q=90
VIDEO: Langkah Antisipasi Kejahatan Di Transportasi Daring,https://www.cnnindonesia.com/tv/20211223144204-405-737835/video-langkah-antisipasi-kejahatan-di-transportasi-daring,https://akcdn.detik.net.id/visual/2021/12/23/langkah-antisipasi-kejahatan-di-transportasi-daring_169.jpeg?w=280&q=90
Satgas Investasi Tegaskan Pinjol Ilegal adalah Kejahatan,https://www.cnnindonesia.com/ekonomi/20210903155508-78-689422/satgas-investasi-tegaskan-pinjol-ilegal-adalah-kejahatan,https://akcdn.detik.net.id/visual/2019/10/31/1f850844-5964-4465-8b18-0900ec3b7748_169.jpeg?w=280&q=90
VIDEO: Empat Kejahatan Yang Marak Selama Ramadan,https://www.cnnindonesia.com/tv/20210414104022-405-629696/video-empat-kejahatan-yang-marak-selama-ramadan,https://akcdn.detik.net.id/visual/2021/04/14/after-10-pkg-1_169.jpeg?w=280&q=90
Kriminolog: Tak Ada Korelasi Minuman Alkohol dengan Kejahatan,https://www.cnnindonesia.com/nasional/20201113200515-12-569633/kriminolog-tak-ada-korelasi-minuman-alkohol-dengan-kejahatan,https://akcdn.detik.net.id/visual/2019/02/06/f2696515-940d-45e7-945f-728e2b463135_169.jpeg?w=280&q=90
Polisi Cengkareng Ringkus Geng Motor Maju Kena Mundur Kena,https://www.cnnindonesia.com/nasional/20200805204430-12-532637/polisi-cengkareng-ringkus-geng-motor-maju-kena-mundur-kena,https://akcdn.detik.net.id/visual/2018/07/09/581badcd-a1c9-488b-a5b9-14a70f0eb064_169.jpeg?w=280&q=90
VIDEO: Penemuan Kuburan Massal di Libia,https://www.cnnindonesia.com/tv/20200624120541-407-516862/video-penemuan-kuburan-massal-di-libia,https://akcdn.detik.net.id/visual/2020/06/24/thumbnail-video_169.png?w=280&q=90
"Polri Sebut Kriminalitas Naik 38,45 Persen Jelang New Normal",https://www.cnnindonesia.com/nasional/20200617074741-12-514117/polri-sebut-kriminalitas-naik-3845-persen-jelang-new-normal,https://akcdn.detik.net.id/visual/2020/04/21/7c0e582e-a703-43cb-a572-13055f046d5f_169.jpeg?w=280&q=90
"135 Napi Asimilasi Kambuh, dari Faktor Ekonomi hingga Dendam",https://www.cnnindonesia.com/nasional/20200526081227-12-506870/135-napi-asimilasi-kambuh-dari-faktor-ekonomi-hingga-dendam,https://akcdn.detik.net.id/visual/2018/07/09/4747ac44-6fda-4cd5-928a-8388913591ea_169.jpeg?w=280&q=90
Angka Kriminalitas Naik Jelang Lebaran di Tengah Wabah Corona,https://www.cnnindonesia.com/nasional/20200519132948-12-504869/angka-kriminalitas-naik-jelang-lebaran-di-tengah-wabah-corona,https://akcdn.detik.net.id/visual/2020/04/21/7c0e582e-a703-43cb-a572-13055f046d5f_169.jpeg?w=280&q=90
"Masa Pandemi, Polri Klaim Kriminal April Turun 19,9 Persen",https://www.cnnindonesia.com/nasional/20200504204404-12-500001/masa-pandemi-polri-klaim-kriminal-april-turun-199-persen,https://akcdn.detik.net.id/visual/2020/04/19/3afbced9-453d-4426-9c88-4b3f1dae6ba6_169.jpeg?w=280&q=90
Polri Maksimalkan Bhabinkantibmas Cegah Kejahatan saat Corona,https://www.cnnindonesia.com/nasional/20200501074531-12-499124/polri-maksimalkan-bhabinkantibmas-cegah-kejahatan-saat-corona,https://akcdn.detik.net.id/visual/2019/12/28/68cdf72c-2b33-4785-9a63-e0c2342c8749_169.jpeg?w=280&q=90
"Corona, Kriminalitas dan Ragam Imbas Sosial Masyarakat",https://www.cnnindonesia.com/nasional/20200424151758-12-496997/corona-kriminalitas-dan-ragam-imbas-sosial-masyarakat,https://akcdn.detik.net.id/visual/2019/03/12/f26ef263-77f3-442e-93b3-e1959e48ea63_169.jpeg?w=280&q=90
VIDEO: Puteri Indonesia 2023 Farhana Nariswari: Perjuangkan Isu Gender,https://www.cnnindonesia.com/gaya-hidup/20230524175100-281-953584/video-puteri-indonesia-2023-farhana-nariswari-perjuangkan-isu-gender,https://akcdn.detik.net.id/visual/2023/05/24/thumbnail-video-16_169.jpeg?w=230&q=90
Tema dan Sejarah Hari Susu Sedunia 2023,https://www.cnnindonesia.com/gaya-hidup/20230531150934-284-956322/tema-dan-sejarah-hari-susu-sedunia-2023,https://akcdn.detik.net.id/visual/2019/11/27/03b60434-af5b-40fb-b1d6-ccccccb689d8_169.jpeg?w=230&q=90
Polisi Dalami Motif Pencurian Susu di Minimarket Cibubur,https://www.cnnindonesia.com/nasional/20200421101528-12-495549/polisi-dalami-motif-pencurian-susu-di-minimarket-cibubur,https://akcdn.detik.net.id/visual/2020/04/08/04d97609-4529-418c-ab7b-8b820c38fa39_169.jpeg?w=280&q=90
"Polri: Kejahatan Meningkat Selama PSBB, Pencurian Mendominasi",https://www.cnnindonesia.com/nasional/20200420185641-12-495403/polri-kejahatan-meningkat-selama-psbb-pencurian-mendominasi,https://akcdn.detik.net.id/visual/2015/09/03/069a9381-6be8-4016-84b7-7ff542bc9d8e_169.jpg?w=280&q=90
Polisi Semarang Antisipasi Kejahatan Jalanan selama Pandemi,https://www.cnnindonesia.com/nasional/20200420073604-12-495103/polisi-semarang-antisipasi-kejahatan-jalanan-selama-pandemi,https://akcdn.detik.net.id/visual/2020/04/20/e92d9e9f-4f63-4925-81c6-80628bc609bb_169.jpeg?w=280&q=90
Doa Mengusir Setan dan Terhindar dari Kejahatan,https://www.cnnindonesia.com/gaya-hidup/20191031154733-284-444554/doa-mengusir-setan-dan-terhindar-dari-kejahatan,https://akcdn.detik.net.id/visual/2019/10/31/458878ee-dae9-4e09-bfea-ed9c6b9627ab_169.jpeg?w=280&q=90
VIDEO: Pameran Barang Bukti Hasil Kejahatan,https://www.cnnindonesia.com/tv/20190925094755-434-433731/video-pameran-barang-bukti-hasil-kejahatan,https://akcdn.detik.net.id/visual/2019/09/25/d0d152a5-12a1-432a-9c3c-351edd1b836f_169.jpeg?w=280&q=90
"Angka Kriminalitas Naik, Polri Fokus Empat Kasus Kejahatan",https://www.cnnindonesia.com/nasional/20190517062637-12-395609/angka-kriminalitas-naik-polri-fokus-empat-kasus-kejahatan,https://akcdn.detik.net.id/visual/2019/01/16/26a8f212-6406-49b2-8617-e6cc5c2ee236_169.jpeg?w=280&q=90
"Empat Hari, Ratusan Penjahat Jalanan di Jakarta Diciduk",https://www.cnnindonesia.com/nasional/20190315170802-12-377656/empat-hari-ratusan-penjahat-jalanan-di-jakarta-diciduk,https://akcdn.detik.net.id/visual/2019/03/15/ef2ccc67-3a3c-4423-8a32-a94530ec205e_169.jpeg?w=280&q=90
Jenazah Pelaku Pembakar Istri & Anak Ditolak Warga,https://www.cnnindonesia.com/tv/20190221095154-400-371313/jenazah-pelaku-pembakar-istri-anak-ditolak-warga,https://akcdn.detik.net.id/visual/2019/02/21/0058d467-e76a-4c78-9907-228f288caabe_169.jpeg?w=280&q=90
VIDEO: Pelaku Pencopetan Saat Kirab Timnas diamankan Polisi,https://www.cnnindonesia.com/tv/20230519171459-407-951635/video-pelaku-pencopetan-saat-kirab-timnas-diamankan-polisi,https://akcdn.detik.net.id/visual/2023/05/19/thumbnail-video-16_169.jpeg?w=280&q=90
"Dipanggil Tanpa Gelar, Dokter Aniaya Pelayan Karen's Dinner Bali",https://www.cnnindonesia.com/nasional/20230517194444-12-951030/dipanggil-tanpa-gelar-dokter-aniaya-pelayan-karens-dinner-bali,https://akcdn.detik.net.id/visual/2018/08/31/02182152-d247-457f-bd4d-4f273637f701_169.jpeg?w=280&q=90
"VIDEO: Pasutri WNA Curi Uang Pedagang Telur, Uang Tunai 3 Juta Kandas",https://www.cnnindonesia.com/tv/20230516143539-407-950308/video-pasutri-wna-curi-uang-pedagang-telur-uang-tunai-3-juta-kandas,https://akcdn.detik.net.id/visual/2023/05/16/thumbnail-5_169.jpeg?w=280&q=90
Warga Nigeria Jadi Tersangka Penganiayaan 2 Ibu di Kelapa Gading,https://www.cnnindonesia.com/nasional/20230507124529-12-946298/warga-nigeria-jadi-tersangka-penganiayaan-2-ibu-di-kelapa-gading,https://akcdn.detik.net.id/visual/2021/10/16/ilustrasi-pelaku-kekerasan_169.jpeg?w=280&q=90
Mantan Pemain PSM Ditangkap Polisi Usai Aniaya Sekuriti Karaoke,https://www.cnnindonesia.com/olahraga/20230506163348-142-946097/mantan-pemain-psm-ditangkap-polisi-usai-aniaya-sekuriti-karaoke,https://akcdn.detik.net.id/visual/2016/03/24/72214112-e34e-4653-9176-c42d2c8f54ce_169.jpg?w=280&q=90
Dua Warga Tangerang Ditangkap karena Curi Kambing dengan Racun,https://www.cnnindonesia.com/nasional/20230422030059-12-940787/dua-warga-tangerang-ditangkap-karena-curi-kambing-dengan-racun,https://akcdn.detik.net.id/visual/2018/08/31/2ae3c978-4069-41f9-a855-734e9ce558c1_169.jpeg?w=280&q=90
Polisi Beber Cara Kerja Penipu Modus QRIS Palsu di Kotak Amal Masjid,https://www.cnnindonesia.com/nasional/20230411211448-12-936445/polisi-beber-cara-kerja-penipu-modus-qris-palsu-di-kotak-amal-masjid,https://akcdn.detik.net.id/visual/2023/04/11/penipuan-qris-palsu-kotak-amal-masjid-blok-m-6_169.jpeg?w=280&q=90
Polisi Selidiki Dugaan Barcode QRIS Palsu di Masjid Bintaro,https://www.cnnindonesia.com/nasional/20230410233857-12-935940/polisi-selidiki-dugaan-barcode-qris-palsu-di-masjid-bintaro,https://akcdn.detik.net.id/visual/2021/09/08/ilustrasi-barcode_169.jpeg?w=280&q=90
Polisi Selidiki 50 Barcode QRIS Palsu di Kotak Amal Masjid Istiqlal,https://www.cnnindonesia.com/nasional/20230410214805-12-935930/polisi-selidiki-50-barcode-qris-palsu-di-kotak-amal-masjid-istiqlal,https://akcdn.detik.net.id/visual/2023/03/25/menjelang-magrib-di-masjid-istiqlal-3_169.jpeg?w=280&q=90
"VIDEO: Pria Tua Cabuli Anak Tiri Hingga Hamil. Melahirkan, Bayi Dibunu",https://www.cnnindonesia.com/tv/20230406164937-407-934561/video-pria-tua-cabuli-anak-tiri-hingga-hamil-melahirkan-bayi-dibunu,https://akcdn.detik.net.id/visual/2023/04/06/thumbnail-9_169.jpeg?w=280&q=90
"VIDEO: Polisi Giring 2 Jambret, Warga Nyanyi Happy Birthday To You",https://www.cnnindonesia.com/tv/20230404152204-407-933446/video-polisi-giring-2-jambret-warga-nyanyi-happy-birthday-to-you,https://akcdn.detik.net.id/visual/2023/04/04/thumbnail-video-11_169.jpeg?w=280&q=90
Mayat Bayi Ditemukan di Tempat Sampah Jembatan Sentani Jayapura,https://www.cnnindonesia.com/nasional/20230323122916-12-928519/mayat-bayi-ditemukan-di-tempat-sampah-jembatan-sentani-jayapura,https://akcdn.detik.net.id/visual/2015/03/04/99d91ed2-72da-49c0-9d07-8e7725814c97_169.jpg?w=280&q=90
Fakta-fakta Kasus Mutilasi Perempuan di Sleman,https://www.cnnindonesia.com/nasional/20230323091245-12-928462/fakta-fakta-kasus-mutilasi-perempuan-di-sleman,https://akcdn.detik.net.id/visual/2023/03/22/pelaku-mutilasi-di-sleman-berniat-buang-tubuh-korban-ke-septic-tank_169.jpeg?w=280&q=90
VIDEO: Pelajar SMP Dibunuh Pacar Dan Dikubur Di Dapur Rumah Warga,https://www.cnnindonesia.com/tv/20230320162848-407-927413/video-pelajar-smp-dibunuh-pacar-dan-dikubur-di-dapur-rumah-warga,https://akcdn.detik.net.id/visual/2023/03/20/thumbnail-6_169.jpeg?w=280&q=90
"VIDEO: Perampokan Bank Di Lampung, Tiga Pegawai Kena Luka Tembak",https://www.cnnindonesia.com/tv/20230317185459-407-926534/video-perampokan-bank-di-lampung-tiga-pegawai-kena-luka-tembak,https://akcdn.detik.net.id/visual/2023/03/17/thumbnail-13_169.jpeg?w=280&q=90
Detik-Detik Aksi Perampokan Bank di Lampung,https://www.cnnindonesia.com/nasional/20230317124641-12-926338/detik-detik-aksi-perampokan-bank-di-lampung,https://akcdn.detik.net.id/visual/2023/03/17/kapolresta-bandar-lampung-kombes-ino-harianto-membesuk-korban-perampokan-di-bank-artha-kedaton-makmur-4_169.jpeg?w=280&q=90
"VIDEO: Suami Ditangkap Polisi Karena Mencuri, Istri Histeris",https://www.cnnindonesia.com/tv/20230314165558-407-924971/video-suami-ditangkap-polisi-karena-mencuri-istri-histeris,https://akcdn.detik.net.id/visual/2023/03/14/thumbnail-video-14_169.jpeg?w=280&q=90
3 PSK Asal Rusia Dideportasi dari Bali,https://www.cnnindonesia.com/nasional/20230311133038-12-923728/3-psk-asal-rusia-dideportasi-dari-bali,https://akcdn.detik.net.id/visual/2023/03/11/tiga-warga-negara-rusia-yang-bekerja-sebagai-pekerja-seks-komersial-psk-di-bali-dideportasi_169.png?w=280&q=90
VIDEO: Maraknya Perilaku Perundungan Berujung Kriminal,https://www.cnnindonesia.com/tv/20230307135049-404-921945/video-maraknya-perilaku-perundungan-berujung-kriminal,https://akcdn.detik.net.id/visual/2023/03/07/today-2_169.jpeg?w=280&q=90
"VIDEO: Pemilik ke Masjid, Delman Berikut Kudanya Digondol Maling",https://www.cnnindonesia.com/tv/20230306181228-407-921641/video-pemilik-ke-masjid-delman-berikut-kudanya-digondol-maling,https://akcdn.detik.net.id/visual/2023/03/06/thumbnail-video-16_169.jpeg?w=280&q=90
VIDEO: Istri Lionel Messi Diancam 2 Pria Bersenjata,https://www.cnnindonesia.com/tv/20230303161346-401-920461/video-istri-lionel-messi-diancam-2-pria-bersenjata,https://akcdn.detik.net.id/visual/2023/03/03/thumbnail-10_169.jpeg?w=280&q=90
"VIDEO: Jenazah Yusi Purawati, Korban Tewas Dicor Dimakamkan",https://www.cnnindonesia.com/tv/20230301150357-407-919407/video-jenazah-yusi-purawati-korban-tewas-dicor-dimakamkan,https://akcdn.detik.net.id/visual/2023/03/01/thumbnail-5_169.jpeg?w=280&q=90
VIDEO: Momen Aksi Pencopetan di JPO Phinisi Jakarta Terekam CCTV,https://www.cnnindonesia.com/tv/20230228155800-407-918934/video-momen-aksi-pencopetan-di-jpo-phinisi-jakarta-terekam-cctv,https://akcdn.detik.net.id/visual/2023/02/28/thumbnail-video-8_169.jpeg?w=280&q=90
Polisi Selidiki Pesepeda Motor Dibacok Hingga Masuk Selokan di Jaksel,https://www.cnnindonesia.com/nasional/20230227121926-12-918289/polisi-selidiki-pesepeda-motor-dibacok-hingga-masuk-selokan-di-jaksel,https://akcdn.detik.net.id/visual/2020/06/22/ilustrasi-penusukan_169.jpeg?w=280&q=90
VIDEO: Momen Aksi Perampokan Bersenjata Api Di Pekanbaru,https://www.cnnindonesia.com/tv/20230221124856-407-915771/video-momen-aksi-perampokan-bersenjata-api-di-pekanbaru,https://akcdn.detik.net.id/visual/2023/02/21/thumbnail-2_169.jpeg?w=280&q=90
VIDEO: Ketika Anak Terlibat Kejahatan Berat,https://www.cnnindonesia.com/tv/20230218184855-407-914852/video-ketika-anak-terlibat-kejahatan-berat,https://akcdn.detik.net.id/visual/2023/02/18/ketika-anak-terlibat-kejahatan-berat_169.jpeg?w=280&q=90
VIDEO: Polisi Tangkap Pembunuh Juragan Ayam Goreng,https://www.cnnindonesia.com/tv/20230130140728-400-906594/video-polisi-tangkap-pembunuh-juragan-ayam-goreng,https://akcdn.detik.net.id/visual/2023/02/18/polisi-tangkap-pembunuh-juragan-ayam-goreng_169.jpeg?w=280&q=90
Polisi: Waspadai Waktu Rawan Kejahatan Jalanan Pukul 00.00-05.00,https://www.cnnindonesia.com/nasional/20230217105659-12-914321/polisi-waspadai-waktu-rawan-kejahatan-jalanan-pukul-0000-0500,https://akcdn.detik.net.id/visual/2022/03/30/ilustrasi-tawuran-sahur-1_169.jpeg?w=280&q=90
Polisi Usut Terapis Jepit Anak Sampai Menangis di Rumah Sakit Depok,https://www.cnnindonesia.com/nasional/20230216063926-12-913656/polisi-usut-terapis-jepit-anak-sampai-menangis-di-rumah-sakit-depok,https://akcdn.detik.net.id/visual/2015/07/24/0676200f-0af8-4c87-a754-bff6467e55d7_169.jpg?w=280&q=90
"VIDEO: Waspada Penculikan Anak, Apa Langkah Pemerintah?",https://www.cnnindonesia.com/tv/20190618201043-409-404410/video-waspada-penculikan-anak-apa-langkah-pemerintah,https://akcdn.detik.net.id/visual/2023/02/06/waspada-penculikan-anak-apa-langkah-pemerintah_169.jpeg?w=280&q=90
Polri Sebut TKW yang Minta Pulang dari Saudi Bukan Korban TPPO,https://www.cnnindonesia.com/nasional/20230128025857-12-905899/polri-sebut-tkw-yang-minta-pulang-dari-saudi-bukan-korban-tppo,https://akcdn.detik.net.id/visual/2014/11/20/4955d834-d868-42fa-b629-384cad469ed2_169.jpg?w=280&q=90
KPPPA Beber Potensi Pidana 3 Siswa SD Mojokerto Diduga Perkosa Anak TK,https://www.cnnindonesia.com/nasional/20230127234159-12-905882/kpppa-beber-potensi-pidana-3-siswa-sd-mojokerto-diduga-perkosa-anak-tk,https://akcdn.detik.net.id/visual/2023/01/09/ilustrasi-kekerasan-terhadap-anak-5_169.jpeg?w=280&q=90
"Polisi Tangkap 12 Tersangka Judi Online, Total Kerugian Rp2 Miliar",https://www.cnnindonesia.com/nasional/20230127222633-12-905873/polisi-tangkap-12-tersangka-judi-online-total-kerugian-rp2-miliar,https://akcdn.detik.net.id/visual/2018/08/31/2ae3c978-4069-41f9-a855-734e9ce558c1_169.jpeg?w=280&q=90
Ibu Mahasiswa UI Tewas Ditabrak Cerita Diminta Damai Kala Mediasi,https://www.cnnindonesia.com/nasional/20230127220252-12-905872/ibu-mahasiswa-ui-tewas-ditabrak-cerita-diminta-damai-kala-mediasi,https://akcdn.detik.net.id/visual/2023/01/27/tewas-ditabrak-purnawirawan-polri-mahasiswa-ui-justru-ditetapkan-sebagai-tersangka_169.jpeg?w=280&q=90
Otak Pembunuhan Bocah Demi Ginjal di Makassar Dilimpahkan ke Jaksa,https://www.cnnindonesia.com/nasional/20230127034201-12-905429/otak-pembunuhan-bocah-demi-ginjal-di-makassar-dilimpahkan-ke-jaksa,https://akcdn.detik.net.id/visual/2023/01/27/logo-kejaksaan-negeri-makassar_169.jpeg?w=280&q=90
TKW Korban Wowon Cs Ngadu ke Polisi Dua Rekan Masih Hilang,https://www.cnnindonesia.com/nasional/20230127015353-12-905423/tkw-korban-wowon-cs-ngadu-ke-polisi-dua-rekan-masih-hilang,https://akcdn.detik.net.id/visual/2023/01/27/tkw-korban-wowon-cs_169.jpeg?w=280&q=90
Densus 88 Dituding Mangkir Dua Kali dari Praperadilan John Sondang,https://www.cnnindonesia.com/nasional/20230127021004-12-905425/densus-88-dituding-mangkir-dua-kali-dari-praperadilan-john-sondang,https://akcdn.detik.net.id/visual/2019/10/31/57bd5113-e11c-46b7-948b-d8a96adbc8eb_169.jpeg?w=280&q=90
TKW Korban Wowon Cs Disebut Selalu Buntung dan Dapat Ancaman,https://www.cnnindonesia.com/nasional/20230126222844-20-905402/tkw-korban-wowon-cs-disebut-selalu-buntung-dan-dapat-ancaman,https://akcdn.detik.net.id/visual/2023/01/20/wowon-erawan-alias-aki-1_169.jpeg?w=280&q=90
"Ecky Klaim Mutilasi Angela pada 2019, Polisi Bakal Cek DNA di TKP",https://www.cnnindonesia.com/nasional/20230125002046-12-904442/ecky-klaim-mutilasi-angela-pada-2019-polisi-bakal-cek-dna-di-tkp,https://akcdn.detik.net.id/visual/2019/10/10/9595d06d-857d-42c0-8cc3-b0b5a455f245_169.jpeg?w=280&q=90
Pengacara: JPU Gagal Tunjukkan Motif Sambo di Pembunuhan Brigadir J,https://www.cnnindonesia.com/nasional/20230124223717-12-904432/pengacara-jpu-gagal-tunjukkan-motif-sambo-di-pembunuhan-brigadir-j,https://akcdn.detik.net.id/visual/2023/01/24/sidang-pledoi-ferdy-sambo-5_169.jpeg?w=280&q=90
Ferdy Sambo Minta Dibebaskan di Kasus Pembunuhan Berencana Brigadir J,https://www.cnnindonesia.com/nasional/20230124222548-12-904431/ferdy-sambo-minta-dibebaskan-di-kasus-pembunuhan-berencana-brigadir-j,https://akcdn.detik.net.id/visual/2023/01/24/sidang-pledoi-ferdy-sambo-2_169.jpeg?w=280&q=90
Polri Masih Buru 2 Tersangka Buron Kasus Penipuan Net89,https://www.cnnindonesia.com/nasional/20230124212221-12-904425/polri-masih-buru-2-tersangka-buron-kasus-penipuan-net89,https://akcdn.detik.net.id/visual/2020/01/24/1181ee4f-44ea-4320-9b9b-a59ec49737ce_169.jpeg?w=280&q=90
Warga Dairi Tikam Sahabat hingga Tewas Buntut Tak Bayar Tuak,https://www.cnnindonesia.com/nasional/20230124013043-12-903985/warga-dairi-tikam-sahabat-hingga-tewas-buntut-tak-bayar-tuak,https://akcdn.detik.net.id/visual/2020/04/21/7c0e582e-a703-43cb-a572-13055f046d5f_169.jpeg?w=280&q=90
Warga Lampung Tebas Pergelangan Tangan Tetangga Buntut Cekcok,https://www.cnnindonesia.com/nasional/20230123225010-12-903975/warga-lampung-tebas-pergelangan-tangan-tetangga-buntut-cekcok,https://akcdn.detik.net.id/visual/2023/01/23/pelaku-pembacokan-di-lampung_169.jpeg?w=280&q=90
"VIDEO: Keji, Ayah Di Pangandaran Bunuh Anak Berusia 8 Bulan",https://www.cnnindonesia.com/tv/20230112163334-407-899624/video-keji-ayah-di-pangandaran-bunuh-anak-berusia-8-bulan,https://akcdn.detik.net.id/visual/2023/01/12/thumbnail-5_169.jpeg?w=280&q=90
VIDEO: Nenek 104 Tahun Jadi Korban Penjambretan,https://www.cnnindonesia.com/tv/20230112111414-434-899403/video-nenek-104-tahun-jadi-korban-penjambretan,https://akcdn.detik.net.id/visual/2023/01/12/nenek-104-tahun-jadi-korban-penjambretan_169.jpeg?w=280&q=90
6 Fakta Baru Pembunuhan Angela Korban Mutilasi di Bekasi,https://www.cnnindonesia.com/nasional/20230108071953-12-897490/6-fakta-baru-pembunuhan-angela-korban-mutilasi-di-bekasi,https://akcdn.detik.net.id/visual/2019/09/21/6050a50e-542d-4edb-afbc-d8bb7d565bc9_169.jpeg?w=280&q=90
Menilik Ragam Kasus Pembunuhan dari Kacamata Kriminologi,https://www.cnnindonesia.com/nasional/20230107153952-12-897385/menilik-ragam-kasus-pembunuhan-dari-kacamata-kriminologi,https://akcdn.detik.net.id/visual/2020/06/22/ilustrasi-penusukan-1_169.jpeg?w=280&q=90
Keluarga Cerita Angela dan Pelaku Mutilasi Punya Hubungan Asmara,https://www.cnnindonesia.com/nasional/20230107102924-12-897300/keluarga-cerita-angela-dan-pelaku-mutilasi-punya-hubungan-asmara,https://akcdn.detik.net.id/visual/2021/12/25/ilustrasi-garis-polisi_169.jpeg?w=280&q=90
"Dilaporkan Dirut Taspen, Kamaruddin Klaim Punya Bukti Ribuan Video",https://www.cnnindonesia.com/nasional/20230107095927-12-897297/dilaporkan-dirut-taspen-kamaruddin-klaim-punya-bukti-ribuan-video,https://akcdn.detik.net.id/visual/2022/11/26/pindahkan-uang-josua-dari-rekening-kamaruddin-minta-sambo-dijerat-pasal-curas-dan-cuci-uang-external-inbox_169.jpeg?w=280&q=90
"Pria Dibegal saat Makan di Warteg Bekasi: Diancam Celurit, Motor Raib",https://www.cnnindonesia.com/nasional/20221227185831-12-892819/pria-dibegal-saat-makan-di-warteg-bekasi-diancam-celurit-motor-raib,https://akcdn.detik.net.id/visual/2019/11/15/f6fd7dff-d85a-4592-8f64-a84723692b76_169.jpeg?w=280&q=90
VIDEO: Pengakuan Pelaku Pembunuhan 1 Keluarga Dengan Sianida,https://www.cnnindonesia.com/tv/20221202160228-407-882014/video-pengakuan-pelaku-pembunuhan-1-keluarga-dengan-sianida,https://akcdn.detik.net.id/visual/2022/12/02/thumbnail-video-10_169.jpeg?w=280&q=90
VIDEO: Aksi Pencuri Bobol Mesin Atm Seperti Di Film Aksi,https://www.cnnindonesia.com/tv/20221124161923-407-878247/video-aksi-pencuri-bobol-mesin-atm-seperti-di-film-aksi,https://akcdn.detik.net.id/visual/2022/11/24/thumbnail-6_169.jpeg?w=280&q=90
Bareskrim Disebut Bakal Terbitkan LP Terkait Laporan Korban Kanjuruhan,https://www.cnnindonesia.com/nasional/20221119161017-12-875920/bareskrim-disebut-bakal-terbitkan-lp-terkait-laporan-korban-kanjuruhan,https://akcdn.detik.net.id/visual/2022/11/19/korban-kanjuruhan-gelar-aksi-damai-di-mabes-polri-minta-kasus-diusut-tuntas-1_169.jpeg?w=280&q=90
"Cegah Kejahatan Jalanan, Polda Metro Jaya Buat Aplikasi Ada Polisi",https://www.cnnindonesia.com/nasional/20221118024614-12-875334/cegah-kejahatan-jalanan-polda-metro-jaya-buat-aplikasi-ada-polisi,https://akcdn.detik.net.id/visual/2022/06/17/kapolda-metro-jaya-irjen-fadil-imran-4_169.jpeg?w=280&q=90
Polisi Dalang Penganiayaan Tahanan di Medan Dituntut 8 Tahun Bui,https://www.cnnindonesia.com/nasional/20221118015939-12-875332/polisi-dalang-penganiayaan-tahanan-di-medan-dituntut-8-tahun-bui,https://akcdn.detik.net.id/visual/2021/10/16/ilustrasi-pria-mengepalkan-tangan_169.jpeg?w=280&q=90
Korban Kecewa Bechi Hanya Divonis 7 Tahun Penjara Kasus Pencabulan,https://www.cnnindonesia.com/nasional/20221117212859-12-875318/korban-kecewa-bechi-hanya-divonis-7-tahun-penjara-kasus-pencabulan,https://akcdn.detik.net.id/visual/2022/11/17/ibu-dari-terdakwa-kekerasan-seksual-santriwati-moch-subchi-azal-tsani-msat-alias-bechi-2_169.jpeg?w=280&q=90
"Daftar 9 Saksi Sidang Ferdy Sambo Pekan Depan, Ada Sopir Ambulans",https://www.cnnindonesia.com/nasional/20221116215501-12-874799/daftar-9-saksi-sidang-ferdy-sambo-pekan-depan-ada-sopir-ambulans,https://akcdn.detik.net.id/visual/2022/11/08/susi-jadi-saksi-di-sidang-sambo-dan-putri_169.jpeg?w=280&q=90
Keluarga Korban Kanjuruhan Diduga Dihalangi Oknum Melapor ke Jakarta,https://www.cnnindonesia.com/nasional/20221117031636-12-874819/keluarga-korban-kanjuruhan-diduga-dihalangi-oknum-melapor-ke-jakarta,https://akcdn.detik.net.id/visual/2022/11/05/orang-tua-korban-kanjuran-yang-diautopsi-menangis-histeris-3_169.jpeg?w=280&q=90
Komisi III DPR Minta Kapolda Sumut Usut Dugaan Polisi Tembak Warga,https://www.cnnindonesia.com/nasional/20221116005214-12-874253/komisi-iii-dpr-minta-kapolda-sumut-usut-dugaan-polisi-tembak-warga,https://akcdn.detik.net.id/visual/2022/06/01/bendahara-umum-partai-nasdem-ahmad-sahroni_169.jpeg?w=280&q=90
Kompolnas Sebut Keluarga Tewas Kalideres Lakukan Hal Tak Lazim,https://www.cnnindonesia.com/nasional/20221115220046-12-874236/kompolnas-sebut-keluarga-tewas-kalideres-lakukan-hal-tak-lazim,https://akcdn.detik.net.id/visual/2022/11/12/polsek-kalideres-kembali-gelar-olah-tkp-lanjutan-di-rumah-kalideres-2_169.jpeg?w=280&q=90
7 Mahasiswa Ditangkap Buntut Pasang Spanduk Tolak KTT G20 di Bali,https://www.cnnindonesia.com/nasional/20221115211228-12-874232/7-mahasiswa-ditangkap-buntut-pasang-spanduk-tolak-ktt-g20-di-bali,https://akcdn.detik.net.id/visual/2022/11/15/bentangkan-spanduk-g20-bukan-solusi-7-mahasiswa-di-bali-diamankan_169.jpeg?w=280&q=90
70 Penyintas dan Keluarga Korban Kanjuruhan Akan Lapor ke Mabes Polri,https://www.cnnindonesia.com/nasional/20221114212308-12-873716/70-penyintas-dan-keluarga-korban-kanjuruhan-akan-lapor-ke-mabes-polri,https://akcdn.detik.net.id/visual/2022/11/10/aksi-arak-135-keranda-peringati-40-hari-tragedi-kanjuruhan-4_169.jpeg?w=280&q=90
VIDEO: Aksi Kriminal Terekam CCTV,https://www.cnnindonesia.com/tv/20221110115042-434-871960/video-aksi-kriminal-terekam-cctv,https://akcdn.detik.net.id/visual/2022/11/10/aksi-kriminal-terekam-cctv_169.jpeg?w=280&q=90
Berapa Uang Tambang Kaltim di Tengah Pengakuan Ismail Bolong?,https://www.cnnindonesia.com/ekonomi/20221107143302-85-870565/berapa-uang-tambang-kaltim-di-tengah-pengakuan-ismail-bolong,https://akcdn.detik.net.id/visual/2015/03/26/f37a1f1c-4c90-4378-a6b2-04e692a7eeb6_169.jpg?w=280&q=90
"Kucing Bisa Bantu Bongkar Kejahatan, Sejenius Sherlock Holmes?",https://www.cnnindonesia.com/teknologi/20221103160954-199-869148/kucing-bisa-bantu-bongkar-kejahatan-sejenius-sherlock-holmes,https://akcdn.detik.net.id/visual/2022/09/25/rumah-singgah-untuk-kucing-jalanan-7_169.jpeg?w=280&q=90
VIDEO: Istri Minta Cerai Jadi Alasan Ayah Bunuh AnaK Kandung di Depok,https://www.cnnindonesia.com/tv/20221102185547-407-868731/video-istri-minta-cerai-jadi-alasan-ayah-bunuh-anak-kandung-di-depok,https://akcdn.detik.net.id/visual/2022/11/02/thumbnail-video-21_169.jpeg?w=280&q=90
VIDEO: Aksi Brutal Geng Pelajar Rampas Motor,https://www.cnnindonesia.com/tv/20221030102525-400-867087/video-aksi-brutal-geng-pelajar-rampas-motor,https://akcdn.detik.net.id/visual/2022/10/30/aksi-brutal-geng-pelajar-rampas-motor_169.jpeg?w=280&q=90
VIDEO: Detik-detik Pria AS Dorong Seseorang Hingga Jatuh ke Rel Kereta,https://www.cnnindonesia.com/internasional/20221026072801-139-865400/video-detik-detik-pria-as-dorong-seseorang-hingga-jatuh-ke-rel-kereta,https://akcdn.detik.net.id/visual/2022/10/26/thumbnail-video-1_169.jpeg?w=280&q=90
"Penusukan Warga di Bogor, Pelaku Pura-pura Jadi Petugas Sensus",https://www.cnnindonesia.com/nasional/20221021181033-20-863793/penusukan-warga-di-bogor-pelaku-pura-pura-jadi-petugas-sensus,https://akcdn.detik.net.id/visual/2019/09/21/9a936df0-4970-4683-a9b4-9c95b01d4b47_169.jpeg?w=280&q=90
Bocah SD di Cimahi Tewas Ditusuk Usai Pulang Mengaji,https://www.cnnindonesia.com/nasional/20221020202730-20-863409/bocah-sd-di-cimahi-tewas-ditusuk-usai-pulang-mengaji,https://akcdn.detik.net.id/visual/2020/06/22/ilustrasi-penusukan-2_169.jpeg?w=280&q=90
FOTO: Penangkapan Bandar Besar Judi Online yang Sempat Buron,https://www.cnnindonesia.com/nasional/20221015114403-14-860907/foto-penangkapan-bandar-besar-judi-online-yang-sempat-buron,https://akcdn.detik.net.id/visual/2022/10/15/penangkapan-bandar-besar-judi-online-2_169.jpeg?w=280&q=90
Tawas ala Teddy Minahasa untuk Ganti Barang Bukti Sabu,https://www.cnnindonesia.com/nasional/20221015075715-12-860858/tawas-ala-teddy-minahasa-untuk-ganti-barang-bukti-sabu,https://akcdn.detik.net.id/visual/2022/10/14/teddy-minahasa-2_169.png?w=280&q=90
"Jokowi Bongkar Keluhan Masyarakat Soal Polri, Represif hingga Hedon",https://www.cnnindonesia.com/nasional/20221015120903-12-860919/jokowi-bongkar-keluhan-masyarakat-soal-polri-represif-hingga-hedon,https://akcdn.detik.net.id/visual/2022/10/14/presiden-joko-widodo-3_169.jpeg?w=280&q=90
Jokowi Nilai Kasus Sambo Buat Kepercayaan Publik ke Polisi Runyam,https://www.cnnindonesia.com/nasional/20221015105500-12-860890/jokowi-nilai-kasus-sambo-buat-kepercayaan-publik-ke-polisi-runyam,https://akcdn.detik.net.id/visual/2022/08/30/rekonstruksi-pembunuhan-brigadir-j-18_169.jpeg?w=280&q=90
Polri: 3 Bandar Judi Online yang Kabur ke Kamboja Tak Terkait Apin BK,https://www.cnnindonesia.com/nasional/20221015092714-12-860862/polri-3-bandar-judi-online-yang-kabur-ke-kamboja-tak-terkait-apin-bk,https://akcdn.detik.net.id/visual/2022/10/15/tiga-bandar-judi-online-kelas-kakap-yang-ditangkap-di-kamboja-tiba-di-bandara-internasional-soekarno-hatta-1_169.jpeg?w=280&q=90
"Berbaju Tahanan, 3 Buron Judi Online Tiba di Soekarno Hatta",https://www.cnnindonesia.com/nasional/20221015085112-12-860860/berbaju-tahanan-3-buron-judi-online-tiba-di-soekarno-hatta,https://akcdn.detik.net.id/visual/2022/10/15/tiga-bandar-judi-online-kelas-kakap-yang-ditangkap-di-kamboja-tiba-di-bandara-internasional-soekarno-hatta_169.jpeg?w=280&q=90
5 Kilogram Sabu Teddy Minahasa Berujung Ancaman Hukuman Mati,https://www.cnnindonesia.com/nasional/20221015071705-12-860855/5-kilogram-sabu-teddy-minahasa-berujung-ancaman-hukuman-mati,https://akcdn.detik.net.id/visual/2022/10/11/irjen-teddy-minahasa-putra_169.jpeg?w=280&q=90
"VIDEO: 1 Keluarga Dibunuh, Jenazah Dikubur Dalam Septic Tank",https://www.cnnindonesia.com/tv/20221007141901-407-857647/video-1-keluarga-dibunuh-jenazah-dikubur-dalam-septic-tank,https://akcdn.detik.net.id/visual/2022/10/07/thumbnail-3_169.jpeg?w=280&q=90
VIDEO: 5 Pelajar Serang Warga Dengan Busur Panah,https://www.cnnindonesia.com/tv/20221005082846-400-856485/video-5-pelajar-serang-warga-dengan-busur-panah,https://akcdn.detik.net.id/visual/2022/10/05/5-pelajar-serang-warga-dengan-busur-panah_169.jpeg?w=280&q=90
Kontroversi Lukas Enembe: Isu Jam Ratusan Juta-Didatangi Utusan Jokowi,https://www.cnnindonesia.com/nasional/20220924084236-12-852035/kontroversi-lukas-enembe-isu-jam-ratusan-juta-didatangi-utusan-jokowi,https://akcdn.detik.net.id/visual/2022/05/31/gubernur-papua-lukas-enembe-1_169.jpeg?w=280&q=90
Drama Hasnaeni Usai Jadi Tersangka: Menjerit dan Pura-pura Sakit,https://www.cnnindonesia.com/nasional/20220924072136-12-852028/drama-hasnaeni-usai-jadi-tersangka-menjerit-dan-pura-pura-sakit,https://akcdn.detik.net.id/visual/2022/09/23/hasnaeni-moein-wanita-emas_169.jpeg?w=280&q=90
"VIDEO: Kejam, Anak Bacok Ibu Hingga Tewas",https://www.cnnindonesia.com/tv/20220921140117-407-850752/video-kejam-anak-bacok-ibu-hingga-tewas,https://akcdn.detik.net.id/visual/2022/09/21/thumbnail-video-5_169.jpeg?w=280&q=90
Pimpinan Gontor Ogah Komentari Kematian Santri: Ada Jubir Khusus,https://www.cnnindonesia.com/nasional/20220909214450-12-845888/pimpinan-gontor-ogah-komentari-kematian-santri-ada-jubir-khusus,https://akcdn.detik.net.id/visual/2022/09/09/pimpinan-pondok-pesantren-modern-gontor-1-ponorogo-akrim-mariyat_169.jpeg?w=280&q=90
Sambo Disebut Sempat Kasih Bripka RR Uang Usai Brigadir J Tewas,https://www.cnnindonesia.com/nasional/20220908222052-12-845341/sambo-disebut-sempat-kasih-bripka-rr-uang-usai-brigadir-j-tewas,https://akcdn.detik.net.id/visual/2022/09/08/pengacara-bripka-ricky-rizal-erman-umar_169.jpeg?w=280&q=90
Polisi Pulangkan Terduga Pelaku Asusila di Kebakaran Setiabudi,https://www.cnnindonesia.com/nasional/20220908011127-12-844837/polisi-pulangkan-terduga-pelaku-asusila-di-kebakaran-setiabudi,https://akcdn.detik.net.id/visual/2021/09/08/ilustrasi-tindakan-kriminal-4_169.jpeg?w=280&q=90
Hasil Uji Kebohongan Sambo Cs Bisa Jadi Bukti di Persidangan,https://www.cnnindonesia.com/nasional/20220907222035-12-844822/hasil-uji-kebohongan-sambo-cs-bisa-jadi-bukti-di-persidangan,https://akcdn.detik.net.id/visual/2022/08/30/rekonstruksi-pembunuhan-brigadir-j-23_169.jpeg?w=280&q=90
Hotman Paris dan Razman Disebut Ingin Cakar-cakaran saat Mediasi,https://www.cnnindonesia.com/nasional/20220907215727-12-844819/hotman-paris-dan-razman-disebut-ingin-cakar-cakaran-saat-mediasi,https://akcdn.detik.net.id/visual/2019/09/07/39e8bc19-f07c-4120-a3ac-5c851c0615c2_169.jpeg?w=280&q=90
Autopsi Jenazah Santri Gontor Dijadwalkan 8 September di Palembang,https://www.cnnindonesia.com/nasional/20220907013326-12-844275/autopsi-jenazah-santri-gontor-dijadwalkan-8-september-di-palembang,https://akcdn.detik.net.id/visual/2022/09/06/keluarga-santri-korban-kekerasan-di-ponpes-darussalam-gontor-3_169.jpeg?w=280&q=90
Polisi Tahan Vikaris Asal Kupang Tersangka Pencabulan 6 Anak di Alor,https://www.cnnindonesia.com/nasional/20220907024356-12-844278/polisi-tahan-vikaris-asal-kupang-tersangka-pencabulan-6-anak-di-alor,https://akcdn.detik.net.id/visual/2018/09/20/5a611701-44d3-40ff-a7b8-b4065db35c2d_169.jpeg?w=280&q=90
KPK Soal Pinangki Bebas Bersyarat: Kewenangan Kemenkumham,https://www.cnnindonesia.com/nasional/20220906213513-12-844258/kpk-soal-pinangki-bebas-bersyarat-kewenangan-kemenkumham,https://akcdn.detik.net.id/visual/2020/06/18/alexander-marwata-1_169.jpeg?w=280&q=90
Sidang Etik Kombes Agus Nurpatria Rampung Periksa 13 Saksi,https://www.cnnindonesia.com/nasional/20220906235926-12-844269/sidang-etik-kombes-agus-nurpatria-rampung-periksa-13-saksi,https://akcdn.detik.net.id/visual/2022/08/11/kepala-divisi-humas-polri-irjen-dedi-prasetyo-1_169.jpeg?w=280&q=90
Polisi Korban Tembak Kanit Provos Dimakamkan Kedinasan di Lampung,https://www.cnnindonesia.com/nasional/20220906012203-12-843721/polisi-korban-tembak-kanit-provos-dimakamkan-kedinasan-di-lampung,https://akcdn.detik.net.id/visual/2022/09/06/rumah-aipda-ahmad-karnaian_169.jpeg?w=280&q=90
3 Tersangka Pembunuhan Brigadir J Rampung Diperiksa Pakai Lie Detector,https://www.cnnindonesia.com/nasional/20220905221546-12-843710/3-tersangka-pembunuhan-brigadir-j-rampung-diperiksa-pakai-lie-detector,https://akcdn.detik.net.id/visual/2022/08/30/rekonstruksi-kasus-pembunuhan-brigadir-j-5_169.jpeg?w=280&q=90
Putri dan Ferdy Sambo Akan Diperiksa Pakai Lie Detector Pekan Ini,https://www.cnnindonesia.com/nasional/20220905213308-12-843705/putri-dan-ferdy-sambo-akan-diperiksa-pakai-lie-detector-pekan-ini,https://akcdn.detik.net.id/visual/2022/08/30/rekonstruksi-pembunuhan-brigadir-j-23_169.jpeg?w=280&q=90
VIDEO: Rumah Pemain Asing PSS Sleman Dirampok ART Saat Bertanding,https://www.cnnindonesia.com/tv/20220831164319-407-841515/video-rumah-pemain-asing-pss-sleman-dirampok-art-saat-bertanding,https://akcdn.detik.net.id/visual/2022/08/31/thumbnail-8_169.jpeg?w=280&q=90
Polri Temukan CCTV Vital Gambarkan Situasi Pembunuhan Brigadir J,https://www.cnnindonesia.com/nasional/20220820080526-12-836826/polri-temukan-cctv-vital-gambarkan-situasi-pembunuhan-brigadir-j,https://akcdn.detik.net.id/visual/2022/08/15/komnas-ham-melakukan-peninjauan-rumah-dinas-ferdy-sambo-13_169.jpeg?w=280&q=90
KPK OTT Rektor Kampus Negeri di Lampung,https://www.cnnindonesia.com/nasional/20220820101213-12-836847/kpk-ott-rektor-kampus-negeri-di-lampung,https://akcdn.detik.net.id/visual/2018/07/09/4747ac44-6fda-4cd5-928a-8388913591ea_169.jpeg?w=280&q=90
Istri Ferdy Sambo Terancam Hukuman Mati dalam Kasus Brigadir J,https://www.cnnindonesia.com/nasional/20220820071217-12-836816/istri-ferdy-sambo-terancam-hukuman-mati-dalam-kasus-brigadir-j,https://akcdn.detik.net.id/visual/2022/08/07/istri-ferdy-sambo_169.jpeg?w=280&q=90
VIDEO: Aksi Polisi Tangkap Pelaku Begal Berlangsung Dramatis,https://www.cnnindonesia.com/tv/20220808081626-400-831522/video-aksi-polisi-tangkap-pelaku-begal-berlangsung-dramatis,https://akcdn.detik.net.id/visual/2022/08/08/aksi-polisi-tangkap-pelaku-begal-berlangsung-dramatis_169.jpeg?w=280&q=90
Ferdy Sambo Ditempatkan di Mako Brimob Selama 30 Hari,https://www.cnnindonesia.com/nasional/20220807111440-12-831300/ferdy-sambo-ditempatkan-di-mako-brimob-selama-30-hari,https://akcdn.detik.net.id/visual/2022/08/04/irjen-ferdy-sambo-5_169.jpeg?w=280&q=90
Bharada E Tunjuk Kuasa Hukum Baru Hadapi Kasus Brigadir J,https://www.cnnindonesia.com/nasional/20220807101414-12-831268/bharada-e-tunjuk-kuasa-hukum-baru-hadapi-kasus-brigadir-j,https://akcdn.detik.net.id/visual/2022/07/26/bharada-e-tiba-di-komnas-ham_169.jpeg?w=280&q=90
10 Saksi Ungkap Dugaan Pelanggaran Etik Ferdy Sambo Soal Brigadir J,https://www.cnnindonesia.com/nasional/20220807065600-12-831250/10-saksi-ungkap-dugaan-pelanggaran-etik-ferdy-sambo-soal-brigadir-j,https://akcdn.detik.net.id/visual/2022/08/04/ferdy-sambo-tiba-di-bareskrim-polri-4_169.jpeg?w=280&q=90
Polisi Tangerang Bakal Langsung Tembak Pelaku Begal dan Pencurian,https://www.cnnindonesia.com/nasional/20220726074003-12-826095/polisi-tangerang-bakal-langsung-tembak-pelaku-begal-dan-pencurian,https://akcdn.detik.net.id/visual/2019/11/06/3abb8cd4-772c-4c33-9df8-3ae75efefcb4_169.jpeg?w=280&q=90
VIDEO: Moeldoko Soal Intel Asing: Sudah Ditangani Aparat,https://www.cnnindonesia.com/tv/20220725181649-407-825954/video-moeldoko-soal-intel-asing-sudah-ditangani-aparat,https://akcdn.detik.net.id/visual/2022/07/25/thumbnail-video-20_169.jpeg?w=280&q=90
Imigrasi Beberkan Kronologi Penangkapan Diduga Intel Asing di Kaltara,https://www.cnnindonesia.com/nasional/20220723043454-12-825111/imigrasi-beberkan-kronologi-penangkapan-diduga-intel-asing-di-kaltara,https://akcdn.detik.net.id/visual/2022/07/22/kegiatan-spionase-di-ambalat_169.jpeg?w=280&q=90
Komisi I DPR Pantau Pengusutan Dugaan Intel Asing di Kaltara,https://www.cnnindonesia.com/nasional/20220723040235-12-825110/komisi-i-dpr-pantau-pengusutan-dugaan-intel-asing-di-kaltara,https://akcdn.detik.net.id/visual/2022/07/22/kegiatan-spionase-di-ambalat_169.jpeg?w=280&q=90
Kejari: 3 ASN Jadi Tersangka Korupsi PLTS di Kutai Timur,https://www.cnnindonesia.com/nasional/20220723025326-12-825108/kejari-3-asn-jadi-tersangka-korupsi-plts-di-kutai-timur,https://akcdn.detik.net.id/visual/2022/02/21/ilustrasi-korupsi_169.jpeg?w=280&q=90
Polisi Tangkap 4 Pelaku Penembakan Istri TNI di Semarang,https://www.cnnindonesia.com/nasional/20220723014109-12-825105/polisi-tangkap-4-pelaku-penembakan-istri-tni-di-semarang,https://akcdn.detik.net.id/visual/2022/07/12/ilustrasi-penembakan-6_169.jpeg?w=280&q=90
Polisi Periksa 21 Saksi Sebelum Tetapkan Roy Suryo Tersangka,https://www.cnnindonesia.com/nasional/20220723004401-12-825103/polisi-periksa-21-saksi-sebelum-tetapkan-roy-suryo-tersangka,https://akcdn.detik.net.id/visual/2022/01/13/endra-zulpan-1_169.jpeg?w=280&q=90
Kondisi Kesehatan Jadi Alasan Polisi Tak Tahan Roy Suryo,https://www.cnnindonesia.com/nasional/20220722234734-12-825099/kondisi-kesehatan-jadi-alasan-polisi-tak-tahan-roy-suryo,https://akcdn.detik.net.id/visual/2022/01/13/endra-zulpan-2_169.jpeg?w=280&q=90
Densus 88 Tangkap 13 Tersangka Teroris Pendukung JI dan JAD di Aceh,https://www.cnnindonesia.com/nasional/20220722233125-12-825097/densus-88-tangkap-13-tersangka-teroris-pendukung-ji-dan-jad-di-aceh,https://akcdn.detik.net.id/visual/2021/03/12/kombes-pol-ahmad-ramadhan_169.jpeg?w=280&q=90
Roy Suryo Tak Ditahan Polisi dalam Kasus Meme Stupa Mirip Jokowi,https://www.cnnindonesia.com/nasional/20220722224035-12-825092/roy-suryo-tak-ditahan-polisi-dalam-kasus-meme-stupa-mirip-jokowi,https://akcdn.detik.net.id/visual/2018/04/11/ec2bd3b9-c4e0-4feb-8caf-d7c6d30ada16_169.jpeg?w=280&q=90
Polisi Beberkan Alasan Tak Tahan Nikita Mirzani,https://www.cnnindonesia.com/nasional/20220722222826-12-825090/polisi-beberkan-alasan-tak-tahan-nikita-mirzani,https://akcdn.detik.net.id/visual/2022/06/15/nikita-mirzani-1_169.jpeg?w=280&q=90
Polisi Kompak Kabur Usai Prarekonstruksi Kasus Brigadir J,https://www.cnnindonesia.com/nasional/20220722220152-12-825089/polisi-kompak-kabur-usai-prarekonstruksi-kasus-brigadir-j,https://akcdn.detik.net.id/visual/2022/07/22/polisi-menggelar-prarekonstruksi-kasus-brigadir-j_169.jpeg?w=280&q=90
Polisi Batal Tahan Nikita Mirzani,https://www.cnnindonesia.com/nasional/20220722214722-12-825088/polisi-batal-tahan-nikita-mirzani,https://akcdn.detik.net.id/visual/2022/06/15/nikita-mirzani-3_169.jpeg?w=280&q=90
Polri Ungkap Hasil Autopsi Brigadir J ke Komnas HAM Pekan Depan,https://www.cnnindonesia.com/nasional/20220722212010-12-825087/polri-ungkap-hasil-autopsi-brigadir-j-ke-komnas-ham-pekan-depan,https://akcdn.detik.net.id/visual/2019/10/11/49e75a1c-63f0-4479-8747-556834a0e219_169.jpeg?w=280&q=90
18 Orang Tewas dalam Penggerebekan Berdarah di Brasil,https://www.cnnindonesia.com/internasional/20220722075154-134-824666/18-orang-tewas-dalam-penggerebekan-berdarah-di-brasil,https://akcdn.detik.net.id/visual/2022/07/22/brazil-violence_169.jpeg?w=280&q=90
Dugaan Gratifikasi Lili Pintauli Diusulkan Diusut Penegak Hukum Lain,https://www.cnnindonesia.com/nasional/20220721052430-12-824157/dugaan-gratifikasi-lili-pintauli-diusulkan-diusut-penegak-hukum-lain,https://akcdn.detik.net.id/visual/2019/12/24/643e3b53-5f6d-4b58-a188-5f23a83ccb97_169.jpeg?w=280&q=90
"Pemeriksaan ke-8, Eks Presiden ACT Dicecar Teknis Pembelian Aset",https://www.cnnindonesia.com/nasional/20220721011828-12-824136/pemeriksaan-ke-8-eks-presiden-act-dicecar-teknis-pembelian-aset,https://akcdn.detik.net.id/visual/2022/07/12/mantan-presiden-act-diperiksa-bareskrim_169.jpeg?w=280&q=90
Roy Suryo Akan Minta Perlindungan LPSK Soal Kasus Meme Stupa Jokowi,https://www.cnnindonesia.com/nasional/20220721002447-12-824131/roy-suryo-akan-minta-perlindungan-lpsk-soal-kasus-meme-stupa-jokowi,https://akcdn.detik.net.id/visual/2017/05/06/72b58500-e50e-48a1-a142-88a3a0b2c75a_169.jpg?w=280&q=90
Kompolnas Komentari Pelukan Ferdy Sambo dan Kapolda Metro,https://www.cnnindonesia.com/nasional/20220720235116-12-824129/kompolnas-komentari-pelukan-ferdy-sambo-dan-kapolda-metro,https://akcdn.detik.net.id/visual/2022/07/12/kadiv-propam-polri-irjen-ferdy-sambo-3_169.jpeg?w=280&q=90
Polri: Temuan CCTV Bisa Ungkap Konstruksi Kasus Brigadir J,https://www.cnnindonesia.com/nasional/20220720232610-12-824128/polri-temuan-cctv-bisa-ungkap-konstruksi-kasus-brigadir-j,https://akcdn.detik.net.id/visual/2021/11/26/kadiv-humas-polri-irjen-dedi-prasetyo-1_169.jpeg?w=280&q=90
CCTV Bukti Kasus Penembakan Brigadir J Ditemukan,https://www.cnnindonesia.com/nasional/20220720225417-12-824126/cctv-bukti-kasus-penembakan-brigadir-j-ditemukan,https://akcdn.detik.net.id/visual/2021/11/26/kadiv-humas-polri-irjen-dedi-prasetyo-3_169.jpeg?w=280&q=90
Bareskrim Pastikan Autopsi Ulang Brigadir J Libatkan Eksternal Polri,https://www.cnnindonesia.com/nasional/20220720223902-12-824125/bareskrim-pastikan-autopsi-ulang-brigadir-j-libatkan-eksternal-polri,https://akcdn.detik.net.id/visual/2019/11/21/ab0e34f0-e844-4969-a1f7-80c24613d7e5_169.mpo?w=280&q=90
Bareskrim Resmi Terima Permohonan Keluarga Autopsi Ulang Brigadir J,https://www.cnnindonesia.com/nasional/20220720221714-12-824124/bareskrim-resmi-terima-permohonan-keluarga-autopsi-ulang-brigadir-j,https://akcdn.detik.net.id/visual/2020/12/23/komisioner-komnas-ham-choirul-anam-2_169.jpeg?w=280&q=90
Yasonna Wanti-wanti Rizieq Shihab Taati Aturan Bebas Bersyarat,https://www.cnnindonesia.com/nasional/20220720212852-12-824118/yasonna-wanti-wanti-rizieq-shihab-taati-aturan-bebas-bersyarat,https://akcdn.detik.net.id/visual/2022/07/20/rizieq-shihab-bebas-6_169.jpeg?w=280&q=90
"Bharada E Minta Perlindungan LPSK, Penyidikan Dipastikan Jalan Terus",https://www.cnnindonesia.com/nasional/20220720014856-12-823617/bharada-e-minta-perlindungan-lpsk-penyidikan-dipastikan-jalan-terus,https://akcdn.detik.net.id/visual/2019/10/11/df9da0b2-e280-4d6c-b740-5895f3296b48_169.jpeg?w=280&q=90
Paman Mardani Maming Hemat Bicara Usai Diperiksa KPK,https://www.cnnindonesia.com/nasional/20220720030336-12-823620/paman-mardani-maming-hemat-bicara-usai-diperiksa-kpk,https://akcdn.detik.net.id/visual/2022/06/20/pemeriksaan-ketua-dpd-pdip-kalsel-1_169.jpeg?w=280&q=90
Pertemuan Sambo-Kapolda Metro Diklaim Tak Pengaruhi Kasus Brigadir J,https://www.cnnindonesia.com/nasional/20220720002242-12-823607/pertemuan-sambo-kapolda-metro-diklaim-tak-pengaruhi-kasus-brigadir-j,https://akcdn.detik.net.id/visual/2022/07/12/kadiv-propam-polri-irjen-ferdy-sambo_169.jpeg?w=280&q=90
Polri soal Spekulasi Luka Brigadir J: Biar Ahli yang Sampaikan,https://www.cnnindonesia.com/nasional/20220719212816-12-823592/polri-soal-spekulasi-luka-brigadir-j-biar-ahli-yang-sampaikan,https://akcdn.detik.net.id/visual/2021/11/26/kadiv-humas-polri-irjen-dedi-prasetyo-1_169.jpeg?w=280&q=90
Polri Respons Permintaan Keluarga Brigadir J soal Karo Paminal Propam,https://www.cnnindonesia.com/nasional/20220719211010-12-823589/polri-respons-permintaan-keluarga-brigadir-j-soal-karo-paminal-propam,https://akcdn.detik.net.id/visual/2021/11/26/kadiv-humas-polri-irjen-dedi-prasetyo-3_169.jpeg?w=280&q=90
Status Hukum Sopir Truk Tangki Pertamina Ditentukan dalam 24 Jam,https://www.cnnindonesia.com/nasional/20220718222845-12-823106/status-hukum-sopir-truk-tangki-pertamina-ditentukan-dalam-24-jam,https://akcdn.detik.net.id/visual/2018/09/28/fb0c2676-9f0a-4c3f-ac4b-0489f57e34a1_169.jpeg?w=280&q=90
"VIDEO: Gara-Gara Anjing Sering Masuk Kebun, Adik Tewas Ditembak Kakak",https://www.cnnindonesia.com/tv/20220714164631-407-821629/video-gara-gara-anjing-sering-masuk-kebun-adik-tewas-ditembak-kakak,https://akcdn.detik.net.id/visual/2022/07/14/thumbnail-video-16_169.jpeg?w=280&q=90
VIDEO: Polisi Dalami Soal Arahan Pesantren Halangi Penangkapan MSAT,https://www.cnnindonesia.com/tv/20220711181126-407-820127/video-polisi-dalami-soal-arahan-pesantren-halangi-penangkapan-msat,https://akcdn.detik.net.id/visual/2022/07/11/thumbnail-video-14_169.jpeg?w=280&q=90
Muhammadiyah Imbau Kasus Bechi Tak Melebar: Semua Sama di Mata Hukum,https://www.cnnindonesia.com/nasional/20220709112542-12-819391/muhammadiyah-imbau-kasus-bechi-tak-melebar-semua-sama-di-mata-hukum,https://akcdn.detik.net.id/visual/2022/07/07/proses-penangkapan-msat-di-jombang-1_169.jpeg?w=280&q=90
Polisi Beberkan Peran Lima Simpatisan Bechi saat Hambat Penangkapan,https://www.cnnindonesia.com/nasional/20220709104334-12-819388/polisi-beberkan-peran-lima-simpatisan-bechi-saat-hambat-penangkapan,https://akcdn.detik.net.id/visual/2022/07/08/sosok-bechi-anak-kiai-tersangka-cabul-kini-huni-sel-isolasi-1_169.jpeg?w=280&q=90
Drama Penangkapan Bechi Usai Buron 3 Tahun Kasus Pencabulan Santri,https://www.cnnindonesia.com/nasional/20220709091602-12-819369/drama-penangkapan-bechi-usai-buron-3-tahun-kasus-pencabulan-santri,https://akcdn.detik.net.id/visual/2022/07/08/sosok-bechi-anak-kiai-tersangka-cabul-kini-huni-sel-isolasi_169.jpeg?w=280&q=90
Kronologi 3 Orang Tewas Tenggak Miras Oplosan di Karaoke Ayu Ting Ting,https://www.cnnindonesia.com/nasional/20220709083907-12-819365/kronologi-3-orang-tewas-tenggak-miras-oplosan-di-karaoke-ayu-ting-ting,https://akcdn.detik.net.id/visual/2017/10/26/d9374499-6b5f-4923-9f87-7dec177ca17c_169.jpg?w=280&q=90
"Mengenal Babarsari, Daerah di Yogya yang Disebut Mirip Gotham City",https://www.cnnindonesia.com/nasional/20220706093551-20-817838/mengenal-babarsari-daerah-di-yogya-yang-disebut-mirip-gotham-city,https://akcdn.detik.net.id/visual/2022/07/04/sejumlah-ruko-dan-kendaraan-bermotor-rusak-buntut-ricuh-di-babarsari-sleman-2_169.jpeg?w=280&q=90
"VIDEO: Emosi Kakak Dilecehkan, Pria Bunuh Juragan Limbah",https://www.cnnindonesia.com/tv/20220630080722-400-815347/video-emosi-kakak-dilecehkan-pria-bunuh-juragan-limbah,https://akcdn.detik.net.id/visual/2022/07/01/pria-bunuh-juragan-limbah_169.jpeg?w=280&q=90
"VIDEO: Sakit Hati Tak Dipinjami Uang, Pasutri Dibunuh Mantan Karyawan",https://www.cnnindonesia.com/tv/20220628154447-407-814590/video-sakit-hati-tak-dipinjami-uang-pasutri-dibunuh-mantan-karyawan,https://akcdn.detik.net.id/visual/2022/06/28/thumbnail-2_169.jpeg?w=280&q=90
VIDEO: 2 suami Ini Tega Habisi Nyawa Istri Tercinta,https://www.cnnindonesia.com/tv/20220628143118-407-814534/video-2-suami-ini-tega-habisi-nyawa-istri-tercinta,https://akcdn.detik.net.id/visual/2022/06/28/thumbnail-video-10_169.jpeg?w=280&q=90
"VIDEO: Kesal Tak Berhenti Menangis, Ibu Bunuh Bayinya Sendiri",https://www.cnnindonesia.com/tv/20220627153101-407-814076/video-kesal-tak-berhenti-menangis-ibu-bunuh-bayinya-sendiri,https://akcdn.detik.net.id/visual/2022/06/27/thumbnail-video-15_169.jpeg?w=280&q=90
"Pria Dibegal Hingga Disiram Air Keras di Jaktim, 3 Pelaku Ditangkap",https://www.cnnindonesia.com/nasional/20220624200223-12-813312/pria-dibegal-hingga-disiram-air-keras-di-jaktim-3-pelaku-ditangkap,https://akcdn.detik.net.id/visual/2018/08/31/2ae3c978-4069-41f9-a855-734e9ce558c1_169.jpeg?w=280&q=90
VIDEO: Mantan Satpam Curi Aset Kantor,https://www.cnnindonesia.com/tv/20220621150224-405-811693/video-mantan-satpam-curi-aset-kantor,https://akcdn.detik.net.id/visual/2022/06/21/mantan-satpam-mencuri-aset-kantor_169.jpeg?w=280&q=90
VIDEO: Juru Parkir Gagalkan Penjambretan,https://www.cnnindonesia.com/tv/20220602091815-400-803766/video-juru-parkir-gagalkan-penjambretan,https://akcdn.detik.net.id/visual/2022/06/02/juru-parkir-gagalkan-penjambretan_169.jpeg?w=280&q=90
YLBHI Kritik Pasal Zina RKUHP Berpotensi Picu Perkawinan Anak,https://www.cnnindonesia.com/nasional/20220528035748-12-802074/ylbhi-kritik-pasal-zina-rkuhp-berpotensi-picu-perkawinan-anak,https://akcdn.detik.net.id/visual/2020/09/02/pernikahan-anak-di-indonesia_169.jpeg?w=280&q=90
Kejagung Limpahkan Berkas Perkara Ekspor CPO Bulan Depan,https://www.cnnindonesia.com/nasional/20220528024736-12-802071/kejagung-limpahkan-berkas-perkara-ekspor-cpo-bulan-depan,https://akcdn.detik.net.id/visual/2022/04/24/bingkai-sepekan-edisi-25-april-2022-7_169.jpeg?w=280&q=90
"VIDEO: Keji, Siswi Madrasah Aliyah Diperkosa dan Dibunuh Kakak Ipar",https://www.cnnindonesia.com/tv/20220527172114-407-801925/video-keji-siswi-madrasah-aliyah-diperkosa-dan-dibunuh-kakak-ipar,https://akcdn.detik.net.id/visual/2022/05/27/thumbnail-video-9_169.jpeg?w=280&q=90
"Dituduh Aniaya Staf Restoran, Benny Harman Akan Lapor Balik ke Polisi",https://www.cnnindonesia.com/nasional/20220527010503-12-801589/dituduh-aniaya-staf-restoran-benny-harman-akan-lapor-balik-ke-polisi,https://akcdn.detik.net.id/visual/2017/09/15/be489138-602e-4949-99ea-167ebc0e78f8_169.jpg?w=280&q=90
"Incar Harta, Pria di Kabupaten Dairi Bunuh Nenek Kandung",https://www.cnnindonesia.com/nasional/20220526231837-12-801583/incar-harta-pria-di-kabupaten-dairi-bunuh-nenek-kandung,https://akcdn.detik.net.id/visual/2020/11/23/ilustrasi-wanita-di-borgol-dan-penjara-3_169.jpeg?w=280&q=90
"Tak Ada Tersangka, Kokain 179 Kg di Selat Sunda Akan Dimusnahkan",https://www.cnnindonesia.com/nasional/20220526052335-12-801340/tak-ada-tersangka-kokain-179-kg-di-selat-sunda-akan-dimusnahkan,https://akcdn.detik.net.id/visual/2022/02/03/ilustrasi-kokain_169.jpeg?w=280&q=90
ICJR Harap Aturan Pelecehan Seksual Fisik di RKUHP Sesuai UU TPKS,https://www.cnnindonesia.com/nasional/20220526033437-12-801334/icjr-harap-aturan-pelecehan-seksual-fisik-di-rkuhp-sesuai-uu-tpks,https://akcdn.detik.net.id/visual/2018/09/20/6bd4047e-8377-44c5-b278-8c441a08aac9_169.jpeg?w=280&q=90
Polda Metro Buka Suara soal Aksi Saling Lapor Perwira dan Mertua,https://www.cnnindonesia.com/nasional/20220526024220-12-801332/polda-metro-buka-suara-soal-aksi-saling-lapor-perwira-dan-mertua,https://akcdn.detik.net.id/visual/2022/01/13/endra-zulpan_169.jpeg?w=280&q=90
Pria di Bekasi Bunuh Calon Kakak Ipar Buntut Ditegur Merokok,https://www.cnnindonesia.com/nasional/20220524234602-12-800803/pria-di-bekasi-bunuh-calon-kakak-ipar-buntut-ditegur-merokok,https://akcdn.detik.net.id/visual/2019/09/21/9a936df0-4970-4683-a9b4-9c95b01d4b47_169.jpeg?w=280&q=90
VIDEO: 5 Ekor Burung di Park and Zoo Bandung Dicuri,https://www.cnnindonesia.com/tv/20220524154128-407-800615/video-5-ekor-burung-di-park-and-zoo-bandung-dicuri,https://akcdn.detik.net.id/visual/2022/05/24/thumbnail-video-11_169.jpeg?w=280&q=90
Sekjen PAN Belum Buka Peluang Mediasi dengan Kuasa Hukum Ade Armando,https://www.cnnindonesia.com/nasional/20220524033327-12-800336/sekjen-pan-belum-buka-peluang-mediasi-dengan-kuasa-hukum-ade-armando,https://akcdn.detik.net.id/visual/2019/05/04/671d0acf-5104-4c2a-bee2-ace611b5402c_169.jpeg?w=280&q=90
"Korban Geruduk Pelaku Arisan Bodong di Makassar, Ngaku Rugi Rp4 M",https://www.cnnindonesia.com/nasional/20220524035347-12-800337/korban-geruduk-pelaku-arisan-bodong-di-makassar-ngaku-rugi-rp4-m,https://akcdn.detik.net.id/visual/2022/05/24/pelaku-investasi-bodong-di-makassar_169.jpeg?w=280&q=90
Dua Pria di Medan Ditangkap Usai Curi Seng Rumah Polisi,https://www.cnnindonesia.com/nasional/20220524005847-12-800323/dua-pria-di-medan-ditangkap-usai-curi-seng-rumah-polisi,https://akcdn.detik.net.id/visual/2021/09/08/ilustrasi-tindakan-kriminal-3_169.jpeg?w=280&q=90
"Modus Usir Jin, Ketua Yayasan di Banyuwangi Cabuli Anak Asuh",https://www.cnnindonesia.com/nasional/20220524000033-12-800320/modus-usir-jin-ketua-yayasan-di-banyuwangi-cabuli-anak-asuh,https://akcdn.detik.net.id/visual/2018/12/03/55046dbb-b55c-46e0-b27b-7d77d95b5f2c_169.jpeg?w=280&q=90
Begal Perampas Tas di Bandung Tewas Dihakimi Warga,https://www.cnnindonesia.com/nasional/20220523233236-12-800309/begal-perampas-tas-di-bandung-tewas-dihakimi-warga,https://akcdn.detik.net.id/visual/2019/03/12/377319e6-59b5-43ea-bf0a-8ce30d8200f5_169.jpeg?w=280&q=90
VIDEO: Rampok Minimarket dan Bobol Toko HP,https://www.cnnindonesia.com/tv/20220519173107-407-798690/video-rampok-minimarket-dan-bobol-toko-hp,https://akcdn.detik.net.id/visual/2022/05/19/rampok-minimarket-dan-bobol-toko-hp_169.jpeg?w=280&q=90
VIDEO: Teror Pelemparan Batu,https://www.cnnindonesia.com/tv/20220519161320-407-798649/video-teror-pelemparan-batu,https://akcdn.detik.net.id/visual/2022/05/19/teror-pelemparan-batu_169.jpeg?w=280&q=90
"VIDEO: Kejam, Seorang Perempuan Tega Habisi Nyawa Ayah Dengan Batu",https://www.cnnindonesia.com/tv/20220519160552-407-798629/video-kejam-seorang-perempuan-tega-habisi-nyawa-ayah-dengan-batu,https://akcdn.detik.net.id/visual/2022/05/19/thumbnail-10_169.jpeg?w=280&q=90
VIDEO: Kawanan Bajing Loncat Ditangkap Polisi,https://www.cnnindonesia.com/tv/20220513125514-400-796361/video-kawanan-bajing-loncat-ditangkap-polisi,https://akcdn.detik.net.id/visual/2022/05/13/kawanan-bajing-loncat-ditangkap-polisi_169.jpeg?w=280&q=90
VIDEO: Cinta Segitiga Berakhir Duka di Kulon Progo dan Sampang,https://www.cnnindonesia.com/tv/20220511155150-407-795556/video-cinta-segitiga-berakhir-duka-di-kulon-progo-dan-sampang,https://akcdn.detik.net.id/visual/2022/05/11/thumbnail-video-6_169.jpeg?w=280&q=90
Mahasiswa ISI Yogyakarta Tewas Ditusuk Usai Cekcok di Selokan Mataram,https://www.cnnindonesia.com/nasional/20220509110513-20-794428/mahasiswa-isi-yogyakarta-tewas-ditusuk-usai-cekcok-di-selokan-mataram,https://akcdn.detik.net.id/visual/2019/10/10/e967c364-0f29-4bad-9aed-59b790fb2e8d_169.jpeg?w=280&q=90
VIDEO: Aksi Curanmor Modus Pura-pura Jadi Pemulung,https://www.cnnindonesia.com/tv/20220428165624-407-791099/video-aksi-curanmor-modus-pura-pura-jadi-pemulung,https://akcdn.detik.net.id/visual/2022/04/28/aksi-curanmor-modus-pura-pura-jadi-pemulung_169.jpeg?w=280&q=90
"VIDEO: Geng Motor Bunuh Warga, Polda Sumut Tangkap 7 Pelaku",https://www.cnnindonesia.com/tv/20220422154636-407-788465/video-geng-motor-bunuh-warga-polda-sumut-tangkap-7-pelaku,https://akcdn.detik.net.id/visual/2022/04/22/thumbnail-video-23_169.jpeg?w=280&q=90
